dataset,model,MASE,WQL,ECE
m4_quarterly,amazon/chronos-t5-small,1.5417336300968423,0.10798539819914238,0.10566102713346481
